estacion,anio,mes,caudal_m3s,periodo
Aguada Blanca,1968.0,01,,196801
Aguada Blanca,1969.0,01,,196901
Aguada Blanca,1970.0,01,,197001
Aguada Blanca,1971.0,01,,197101
Aguada Blanca,1972.0,01,7.89,197201
Aguada Blanca,1973.0,01,40.48,197301
Aguada Blanca,1974.0,01,38.84,197401
Aguada Blanca,1975.0,01,15.14,197501
Aguada Blanca,1976.0,01,14.77,197601
Aguada Blanca,1977.0,01,8.54,197701
Aguada Blanca,1978.0,01,10.86,197801
Aguada Blanca,1979.0,01,9.37,197901
Aguada Blanca,1980.0,01,8.9,198001
Aguada Blanca,1981.0,01,6.09,198101
Aguada Blanca,1982.0,01,12.49,198201
Aguada Blanca,1983.0,01,9.37,198301
Aguada Blanca,1984.0,01,5.85,198401
Aguada Blanca,1985.0,01,12.71,198501
Aguada Blanca,1986.0,01,27.62,198601
Aguada Blanca,1987.0,01,27.07,198701
Aguada Blanca,1988.0,01,10.53,198801
Aguada Blanca,1989.0,01,9.87,198901
Aguada Blanca,1990.0,01,9.86,199001
Aguada Blanca,1991.0,01,9.06,199101
Aguada Blanca,1992.0,01,8.35,199201
Aguada Blanca,1993.0,01,5.83,199301
Aguada Blanca,1994.0,01,11.29,199401
Aguada Blanca,1995.0,01,10.93,199501
Aguada Blanca,1996.0,01,5.171,199601
Aguada Blanca,1997.0,01,9.624,199701
Aguada Blanca,1998.0,01,10.32,199801
Aguada Blanca,1999.0,01,10.47,199901
Aguada Blanca,2000.0,01,16.0,200001
Aguada Blanca,2001.0,01,16.108064516129033,200101
Aguada Blanca,2002.0,01,8.771903225806449,200201
Aguada Blanca,2003.0,01,12.11,200301
Aguada Blanca,2004.0,01,13.892903225806451,200401
Aguada Blanca,2005.0,01,11.405806451612902,200501
Aguada Blanca,2006.0,01,12.45032258064516,200601
Aguada Blanca,2007.0,01,16.676451612903225,200701
Aguada Blanca,2008.0,01,16.99593548387097,200801
Aguada Blanca,2009.0,01,9.673225806451613,200901
Aguada Blanca,2010.0,01,8.430322580645159,201001
Aguada Blanca,2011.0,01,11.97,201101
Aguada Blanca,2012.0,01,15.015806451612905,201201
Aguada Blanca,2013.0,01,22.88,201301
Aguada Blanca,2014.0,01,16.49516129032258,201401
Aguada Blanca,2015.0,01,9.392258064516128,201501
Aguada Blanca,2016.0,01,10.009032258064513,201601
Aguada Blanca,2017.0,01,10.110967741935484,201701
Aguada Blanca,2018.0,01,15.437741935483873,201801
Aguada Blanca,2019.0,01,12.400967741935478,201901
Aguada Blanca,2020.0,01,16.18774193548387,202001
Aguada Blanca,2021.0,01,18.330967741935485,202101
Aguada Blanca,2022.0,01,13.25,202201
Aguada Blanca,2023.0,01,10.69,202301
Aguada Blanca,2024.0,01,8.9,202401
Aguada Blanca,2025.0,01,11.01,202501
Aguada Blanca,1968.0,02,,196802
Aguada Blanca,1969.0,02,,196902
Aguada Blanca,1970.0,02,,197002
Aguada Blanca,1971.0,02,,197102
Aguada Blanca,1972.0,02,35.28,197202
Aguada Blanca,1973.0,02,53.16,197302
Aguada Blanca,1974.0,02,32.89,197402
Aguada Blanca,1975.0,02,34.68,197502
Aguada Blanca,1976.0,02,16.5,197602
Aguada Blanca,1977.0,02,6.89,197702
Aguada Blanca,1978.0,02,15.0,197802
Aguada Blanca,1979.0,02,9.03,197902
Aguada Blanca,1980.0,02,8.74,198002
Aguada Blanca,1981.0,02,14.78,198102
Aguada Blanca,1982.0,02,11.72,198202
Aguada Blanca,1983.0,02,8.08,198302
Aguada Blanca,1984.0,02,47.14,198402
Aguada Blanca,1985.0,02,33.13,198502
Aguada Blanca,1986.0,02,47.94,198602
Aguada Blanca,1987.0,02,18.35,198702
Aguada Blanca,1988.0,02,16.8,198802
Aguada Blanca,1989.0,02,10.1,198902
Aguada Blanca,1990.0,02,8.31,199002
Aguada Blanca,1991.0,02,8.79,199102
Aguada Blanca,1992.0,02,5.69,199202
Aguada Blanca,1993.0,02,9.5,199302
Aguada Blanca,1994.0,02,14.34,199402
Aguada Blanca,1995.0,02,8.63,199502
Aguada Blanca,1996.0,02,7.134,199602
Aguada Blanca,1997.0,02,13.731,199702
Aguada Blanca,1998.0,02,16.97,199802
Aguada Blanca,1999.0,02,16.54,199902
Aguada Blanca,2000.0,02,17.41,200002
Aguada Blanca,2001.0,02,23.681071428571432,200102
Aguada Blanca,2002.0,02,14.8325,200202
Aguada Blanca,2003.0,02,12.2,200302
Aguada Blanca,2004.0,02,20.039655172413788,200402
Aguada Blanca,2005.0,02,12.99,200502
Aguada Blanca,2006.0,02,23.211071428571426,200602
Aguada Blanca,2007.0,02,14.08714285714286,200702
Aguada Blanca,2008.0,02,13.253,200802
Aguada Blanca,2009.0,02,7.686428571428571,200902
Aguada Blanca,2010.0,02,9.13,201002
Aguada Blanca,2011.0,02,14.92,201102
Aguada Blanca,2012.0,02,15.15,201202
Aguada Blanca,2013.0,02,20.72,201302
Aguada Blanca,2014.0,02,13.94,201402
Aguada Blanca,2015.0,02,9.000714285714285,201502
Aguada Blanca,2016.0,02,12.275172413793104,201602
Aguada Blanca,2017.0,02,10.111071428571426,201702
Aguada Blanca,2018.0,02,17.846785714285716,201802
Aguada Blanca,2019.0,02,20.281071428571433,201902
Aguada Blanca,2020.0,02,19.983793103448278,202002
Aguada Blanca,2021.0,02,14.536785714285715,202102
Aguada Blanca,2022.0,02,12.18,202202
Aguada Blanca,2023.0,02,18.07,202302
Aguada Blanca,2024.0,02,9.39,202402
Aguada Blanca,2025.0,02,18.32,202502
Aguada Blanca,1968.0,03,,196803
Aguada Blanca,1969.0,03,,196903
Aguada Blanca,1970.0,03,,197003
Aguada Blanca,1971.0,03,,197103
Aguada Blanca,1972.0,03,61.42,197203
Aguada Blanca,1973.0,03,45.21,197303
Aguada Blanca,1974.0,03,25.98,197403
Aguada Blanca,1975.0,03,26.0,197503
Aguada Blanca,1976.0,03,16.57,197603
Aguada Blanca,1977.0,03,35.21,197703
Aguada Blanca,1978.0,03,9.2,197803
Aguada Blanca,1979.0,03,8.39,197903
Aguada Blanca,1980.0,03,7.83,198003
Aguada Blanca,1981.0,03,23.33,198103
Aguada Blanca,1982.0,03,9.08,198203
Aguada Blanca,1983.0,03,7.84,198303
Aguada Blanca,1984.0,03,36.43,198403
Aguada Blanca,1985.0,03,36.0,198503
Aguada Blanca,1986.0,03,63.0,198603
Aguada Blanca,1987.0,03,13.13,198703
Aguada Blanca,1988.0,03,11.25,198803
Aguada Blanca,1989.0,03,11.03,198903
Aguada Blanca,1990.0,03,5.99,199003
Aguada Blanca,1991.0,03,29.14,199103
Aguada Blanca,1992.0,03,3.86,199203
Aguada Blanca,1993.0,03,11.7,199303
Aguada Blanca,1994.0,03,13.76,199403
Aguada Blanca,1995.0,03,10.35,199503
Aguada Blanca,1996.0,03,9.704,199603
Aguada Blanca,1997.0,03,17.145,199703
Aguada Blanca,1998.0,03,13.38,199803
Aguada Blanca,1999.0,03,23.13,199903
Aguada Blanca,2000.0,03,18.5,200003
Aguada Blanca,2001.0,03,23.24,200103
Aguada Blanca,2002.0,03,20.948709677419355,200203
Aguada Blanca,2003.0,03,14.803870967741934,200303
Aguada Blanca,2004.0,03,12.705161290322582,200403
Aguada Blanca,2005.0,03,10.045031859639401,200503
Aguada Blanca,2006.0,03,20.933870967741935,200603
Aguada Blanca,2007.0,03,17.03129032258064,200703
Aguada Blanca,2008.0,03,12.706286166439565,200803
Aguada Blanca,2009.0,03,13.02290322580645,200903
Aguada Blanca,2010.0,03,10.73,201003
Aguada Blanca,2011.0,03,18.77,201103
Aguada Blanca,2012.0,03,15.0,201203
Aguada Blanca,2013.0,03,22.08032258064516,201303
Aguada Blanca,2014.0,03,11.614516129032257,201403
Aguada Blanca,2015.0,03,14.390179702440715,201503
Aguada Blanca,2016.0,03,10.174193548387096,201603
Aguada Blanca,2017.0,03,9.820645161290322,201703
Aguada Blanca,2018.0,03,19.591290322580644,201803
Aguada Blanca,2019.0,03,19.866774193548387,201903
Aguada Blanca,2020.0,03,23.54709677419355,202003
Aguada Blanca,2021.0,03,13.293870967741936,202103
Aguada Blanca,2022.0,03,15.47,202203
Aguada Blanca,2023.0,03,11.44,202303
Aguada Blanca,2024.0,03,23.7,202403
Aguada Blanca,2025.0,03,23.22,202503
Aguada Blanca,1968.0,04,,196804
Aguada Blanca,1969.0,04,,196904
Aguada Blanca,1970.0,04,,197004
Aguada Blanca,1971.0,04,,197104
Aguada Blanca,1972.0,04,16.07,197204
Aguada Blanca,1973.0,04,18.2,197304
Aguada Blanca,1974.0,04,14.08,197404
Aguada Blanca,1975.0,04,16.0,197504
Aguada Blanca,1976.0,04,10.42,197604
Aguada Blanca,1977.0,04,9.55,197704
Aguada Blanca,1978.0,04,8.65,197804
Aguada Blanca,1979.0,04,8.0,197904
Aguada Blanca,1980.0,04,7.13,198004
Aguada Blanca,1981.0,04,10.94,198104
Aguada Blanca,1982.0,04,9.05,198204
Aguada Blanca,1983.0,04,6.17,198304
Aguada Blanca,1984.0,04,17.56,198404
Aguada Blanca,1985.0,04,39.96,198504
Aguada Blanca,1986.0,04,24.34,198604
Aguada Blanca,1987.0,04,10.52,198704
Aguada Blanca,1988.0,04,16.86,198804
Aguada Blanca,1989.0,04,8.16,198904
Aguada Blanca,1990.0,04,4.39,199004
Aguada Blanca,1991.0,04,10.37,199104
Aguada Blanca,1992.0,04,3.77,199204
Aguada Blanca,1993.0,04,8.24,199304
Aguada Blanca,1994.0,04,11.67,199404
Aguada Blanca,1995.0,04,9.79,199504
Aguada Blanca,1996.0,04,9.005,199604
Aguada Blanca,1997.0,04,11.929,199704
Aguada Blanca,1998.0,04,11.94,199804
Aguada Blanca,1999.0,04,20.87,199904
Aguada Blanca,2000.0,04,15.96,200004
Aguada Blanca,2001.0,04,22.233666666666668,200104
Aguada Blanca,2002.0,04,14.964,200204
Aguada Blanca,2003.0,04,15.963,200304
Aguada Blanca,2004.0,04,12.119666666666667,200404
Aguada Blanca,2005.0,04,8.854000000000001,200504
Aguada Blanca,2006.0,04,16.937999999999995,200604
Aguada Blanca,2007.0,04,14.151666666666667,200704
Aguada Blanca,2008.0,04,11.186333333333335,200804
Aguada Blanca,2009.0,04,9.012666666666668,200904
Aguada Blanca,2010.0,04,11.104333333333335,201004
Aguada Blanca,2011.0,04,20.12,201104
Aguada Blanca,2012.0,04,14.586921491216048,201204
Aguada Blanca,2013.0,04,16.008,201304
Aguada Blanca,2014.0,04,9.137333333333332,201404
Aguada Blanca,2015.0,04,10.3,201504
Aguada Blanca,2016.0,04,10.005333333333333,201604
Aguada Blanca,2017.0,04,15.386999999999999,201704
Aguada Blanca,2018.0,04,14.425666666666668,201804
Aguada Blanca,2019.0,04,16.299666666666663,201904
Aguada Blanca,2020.0,04,19.617466666666665,202004
Aguada Blanca,2021.0,04,20.083666666666666,202104
Aguada Blanca,2022.0,04,12.78,202204
Aguada Blanca,2023.0,04,9.78,202304
Aguada Blanca,2024.0,04,18.69,202404
Aguada Blanca,2025.0,04,20.84,202504
Aguada Blanca,1968.0,05,,196805
Aguada Blanca,1969.0,05,,196905
Aguada Blanca,1970.0,05,,197005
Aguada Blanca,1971.0,05,,197105
Aguada Blanca,1972.0,05,7.72,197205
Aguada Blanca,1973.0,05,14.95,197305
Aguada Blanca,1974.0,05,14.75,197405
Aguada Blanca,1975.0,05,15.34,197505
Aguada Blanca,1976.0,05,10.0,197605
Aguada Blanca,1977.0,05,8.39,197705
Aguada Blanca,1978.0,05,8.74,197805
Aguada Blanca,1979.0,05,8.3,197905
Aguada Blanca,1980.0,05,6.36,198005
Aguada Blanca,1981.0,05,10.25,198105
Aguada Blanca,1982.0,05,8.19,198205
Aguada Blanca,1983.0,05,4.04,198305
Aguada Blanca,1984.0,05,11.24,198405
Aguada Blanca,1985.0,05,13.84,198505
Aguada Blanca,1986.0,05,13.54,198605
Aguada Blanca,1987.0,05,9.44,198705
Aguada Blanca,1988.0,05,9.19,198805
Aguada Blanca,1989.0,05,8.16,198905
Aguada Blanca,1990.0,05,3.89,199005
Aguada Blanca,1991.0,05,9.8,199105
Aguada Blanca,1992.0,05,4.02,199205
Aguada Blanca,1993.0,05,7.88,199305
Aguada Blanca,1994.0,05,10.62,199405
Aguada Blanca,1995.0,05,9.33,199505
Aguada Blanca,1996.0,05,6.187,199605
Aguada Blanca,1997.0,05,10.997,199705
Aguada Blanca,1998.0,05,10.67,199805
Aguada Blanca,1999.0,05,13.05,199905
Aguada Blanca,2000.0,05,11.6,200005
Aguada Blanca,2001.0,05,19.902580645161287,200105
Aguada Blanca,2002.0,05,10.845806451612905,200205
Aguada Blanca,2003.0,05,10.903225806451617,200305
Aguada Blanca,2004.0,05,10.03483870967742,200405
Aguada Blanca,2005.0,05,8.519354838709678,200505
Aguada Blanca,2006.0,05,12.054193548387099,200605
Aguada Blanca,2007.0,05,12.330322580645161,200705
Aguada Blanca,2008.0,05,9.610967741935482,200805
Aguada Blanca,2009.0,05,9.004838709677419,200905
Aguada Blanca,2010.0,05,10.68,201005
Aguada Blanca,2011.0,05,13.32,201105
Aguada Blanca,2012.0,05,14.237741935483873,201205
Aguada Blanca,2013.0,05,14.53,201305
Aguada Blanca,2014.0,05,9.004193548387095,201405
Aguada Blanca,2015.0,05,9.998387096774191,201505
Aguada Blanca,2016.0,05,10.009032258064511,201605
Aguada Blanca,2017.0,05,11.08258064516129,201705
Aguada Blanca,2018.0,05,11.09483870967742,201805
Aguada Blanca,2019.0,05,12.000322580645161,201905
Aguada Blanca,2020.0,05,12.194193548387096,202005
Aguada Blanca,2021.0,05,12.0,202105
Aguada Blanca,2022.0,05,12.0,202205
Aguada Blanca,2023.0,05,10.46,202305
Aguada Blanca,2024.0,05,11.3,202405
Aguada Blanca,2025.0,05,12.4,202505
Aguada Blanca,1968.0,06,,196806
Aguada Blanca,1969.0,06,,196906
Aguada Blanca,1970.0,06,,197006
Aguada Blanca,1971.0,06,,197106
Aguada Blanca,1972.0,06,7.47,197206
Aguada Blanca,1973.0,06,14.47,197306
Aguada Blanca,1974.0,06,15.22,197406
Aguada Blanca,1975.0,06,15.74,197506
Aguada Blanca,1976.0,06,10.52,197606
Aguada Blanca,1977.0,06,8.54,197706
Aguada Blanca,1978.0,06,8.24,197806
Aguada Blanca,1979.0,06,8.17,197906
Aguada Blanca,1980.0,06,5.41,198006
Aguada Blanca,1981.0,06,10.34,198106
Aguada Blanca,1982.0,06,7.63,198206
Aguada Blanca,1983.0,06,3.71,198306
Aguada Blanca,1984.0,06,10.58,198406
Aguada Blanca,1985.0,06,13.66,198506
Aguada Blanca,1986.0,06,12.26,198606
Aguada Blanca,1987.0,06,8.24,198706
Aguada Blanca,1988.0,06,9.39,198806
Aguada Blanca,1989.0,06,8.16,198906
Aguada Blanca,1990.0,06,3.9,199006
Aguada Blanca,1991.0,06,8.95,199106
Aguada Blanca,1992.0,06,3.9,199206
Aguada Blanca,1993.0,06,7.77,199306
Aguada Blanca,1994.0,06,11.26,199406
Aguada Blanca,1995.0,06,9.21,199506
Aguada Blanca,1996.0,06,6.172,199606
Aguada Blanca,1997.0,06,9.263,199706
Aguada Blanca,1998.0,06,8.6,199806
Aguada Blanca,1999.0,06,10.013,199906
Aguada Blanca,2000.0,06,10.55,200006
Aguada Blanca,2001.0,06,15.034666666666668,200106
Aguada Blanca,2002.0,06,10.091000000000003,200206
Aguada Blanca,2003.0,06,10.063666666666665,200306
Aguada Blanca,2004.0,06,9.982666666666665,200406
Aguada Blanca,2005.0,06,8.087666666666665,200506
Aguada Blanca,2006.0,06,10.624666666666666,200606
Aguada Blanca,2007.0,06,12.026000000000002,200706
Aguada Blanca,2008.0,06,9.510849687057235,200806
Aguada Blanca,2009.0,06,8.605,200906
Aguada Blanca,2010.0,06,10.05,201006
Aguada Blanca,2011.0,06,12.966,201106
Aguada Blanca,2012.0,06,14.05,201206
Aguada Blanca,2013.0,06,14.009999999999998,201306
Aguada Blanca,2014.0,06,9.003082775649796,201406
Aguada Blanca,2015.0,06,10.005333333333333,201506
Aguada Blanca,2016.0,06,10.002999999999998,201606
Aguada Blanca,2017.0,06,11.001666666666667,201706
Aguada Blanca,2018.0,06,11.592666666666668,201806
Aguada Blanca,2019.0,06,12.001333333333331,201906
Aguada Blanca,2020.0,06,12.00040749216885,202006
Aguada Blanca,2021.0,06,12.0,202106
Aguada Blanca,2022.0,06,12.0,202206
Aguada Blanca,2023.0,06,10.5,202306
Aguada Blanca,2024.0,06,11.5,202406
Aguada Blanca,2025.0,06,12.68,202506
Aguada Blanca,1968.0,07,,196807
Aguada Blanca,1969.0,07,,196907
Aguada Blanca,1970.0,07,,197007
Aguada Blanca,1971.0,07,,197107
Aguada Blanca,1972.0,07,8.48,197207
Aguada Blanca,1973.0,07,10.96,197307
Aguada Blanca,1974.0,07,17.88,197407
Aguada Blanca,1975.0,07,16.2,197507
Aguada Blanca,1976.0,07,9.77,197607
Aguada Blanca,1977.0,07,8.73,197707
Aguada Blanca,1978.0,07,8.32,197807
Aguada Blanca,1979.0,07,8.15,197907
Aguada Blanca,1980.0,07,5.17,198007
Aguada Blanca,1981.0,07,10.24,198107
Aguada Blanca,1982.0,07,8.18,198207
Aguada Blanca,1983.0,07,3.73,198307
Aguada Blanca,1984.0,07,10.41,198407
Aguada Blanca,1985.0,07,13.32,198507
Aguada Blanca,1986.0,07,12.3,198607
Aguada Blanca,1987.0,07,8.26,198707
Aguada Blanca,1988.0,07,9.22,198807
Aguada Blanca,1989.0,07,8.16,198907
Aguada Blanca,1990.0,07,4.08,199007
Aguada Blanca,1991.0,07,8.27,199107
Aguada Blanca,1992.0,07,3.92,199207
Aguada Blanca,1993.0,07,8.12,199307
Aguada Blanca,1994.0,07,11.74,199407
Aguada Blanca,1995.0,07,8.92,199507
Aguada Blanca,1996.0,07,6.71,199607
Aguada Blanca,1997.0,07,6.775161290322582,199707
Aguada Blanca,1998.0,07,8.54,199807
Aguada Blanca,1999.0,07,10.02,199907
Aguada Blanca,2000.0,07,10.51,200007
Aguada Blanca,2001.0,07,15.071612903225802,200107
Aguada Blanca,2002.0,07,9.871612903225806,200207
Aguada Blanca,2003.0,07,10.187741935483869,200307
Aguada Blanca,2004.0,07,10.02774193548387,200407
Aguada Blanca,2005.0,07,7.51258064516129,200507
Aguada Blanca,2006.0,07,11.571935483870968,200607
Aguada Blanca,2007.0,07,12.003548387096775,200707
Aguada Blanca,2008.0,07,9.513548387096774,200807
Aguada Blanca,2009.0,07,7.78,200907
Aguada Blanca,2010.0,07,10.0,201007
Aguada Blanca,2011.0,07,13.0,201107
Aguada Blanca,2012.0,07,13.22,201207
Aguada Blanca,2013.0,07,14.015806451612898,201307
Aguada Blanca,2014.0,07,9.000645161290322,201407
Aguada Blanca,2015.0,07,10.002903225806449,201507
Aguada Blanca,2016.0,07,10.006129032258064,201607
Aguada Blanca,2017.0,07,12.000322580645161,201707
Aguada Blanca,2018.0,07,12.299032258064518,201807
Aguada Blanca,2019.0,07,11.839677419354837,201907
Aguada Blanca,2020.0,07,12.0,202007
Aguada Blanca,2021.0,07,11.99,202107
Aguada Blanca,2022.0,07,12.0,202207
Aguada Blanca,2023.0,07,10.4,202307
Aguada Blanca,2024.0,07,11.9,202407
Aguada Blanca,2025.0,07,12.5,202507
Aguada Blanca,1968.0,08,,196808
Aguada Blanca,1969.0,08,,196908
Aguada Blanca,1970.0,08,,197008
Aguada Blanca,1971.0,08,,197108
Aguada Blanca,1972.0,08,8.32,197208
Aguada Blanca,1973.0,08,11.33,197308
Aguada Blanca,1974.0,08,15.56,197408
Aguada Blanca,1975.0,08,15.98,197508
Aguada Blanca,1976.0,08,8.86,197608
Aguada Blanca,1977.0,08,8.91,197708
Aguada Blanca,1978.0,08,8.4,197808
Aguada Blanca,1979.0,08,7.9,197908
Aguada Blanca,1980.0,08,5.34,198008
Aguada Blanca,1981.0,08,10.26,198108
Aguada Blanca,1982.0,08,8.42,198208
Aguada Blanca,1983.0,08,3.74,198308
Aguada Blanca,1984.0,08,10.85,198408
Aguada Blanca,1985.0,08,12.08,198508
Aguada Blanca,1986.0,08,12.44,198608
Aguada Blanca,1987.0,08,10.23,198708
Aguada Blanca,1988.0,08,10.02,198808
Aguada Blanca,1989.0,08,9.21,198908
Aguada Blanca,1990.0,08,4.25,199008
Aguada Blanca,1991.0,08,9.28,199108
Aguada Blanca,1992.0,08,4.1,199208
Aguada Blanca,1993.0,08,8.1,199308
Aguada Blanca,1994.0,08,11.06,199408
Aguada Blanca,1995.0,08,8.92,199508
Aguada Blanca,1996.0,08,7.617,199608
Aguada Blanca,1997.0,08,7.557419354838708,199708
Aguada Blanca,1998.0,08,8.5,199808
Aguada Blanca,1999.0,08,11.32,199908
Aguada Blanca,2000.0,08,10.73,200008
Aguada Blanca,2001.0,08,15.183548387096774,200108
Aguada Blanca,2002.0,08,9.277419354838708,200208
Aguada Blanca,2003.0,08,10.418064516129032,200308
Aguada Blanca,2004.0,08,10.201935483870967,200408
Aguada Blanca,2005.0,08,7.502258064516128,200508
Aguada Blanca,2006.0,08,12.884193548387094,200608
Aguada Blanca,2007.0,08,12.024516129032254,200708
Aguada Blanca,2008.0,08,9.519032258064517,200808
Aguada Blanca,2009.0,08,8.01,200908
Aguada Blanca,2010.0,08,10.9,201008
Aguada Blanca,2011.0,08,13.0,201108
Aguada Blanca,2012.0,08,12.51,201208
Aguada Blanca,2013.0,08,14.020967741935483,201308
Aguada Blanca,2014.0,08,8.999999999999998,201408
Aguada Blanca,2015.0,08,10.01,201508
Aguada Blanca,2016.0,08,10.005806451612901,201608
Aguada Blanca,2017.0,08,12.000645161290322,201708
Aguada Blanca,2018.0,08,12.218709677419353,201808
Aguada Blanca,2019.0,08,12.16258064516129,201908
Aguada Blanca,2020.0,08,12.0,202008
Aguada Blanca,2021.0,08,14.01,202108
Aguada Blanca,2022.0,08,14.0,202208
Aguada Blanca,2023.0,08,10.62,202308
Aguada Blanca,2024.0,08,12.7,202408
Aguada Blanca,2025.0,08,12.91,202508
Aguada Blanca,1968.0,09,,196809
Aguada Blanca,1969.0,09,,196909
Aguada Blanca,1970.0,09,,197009
Aguada Blanca,1971.0,09,,197109
Aguada Blanca,1972.0,09,7.75,197209
Aguada Blanca,1973.0,09,10.16,197309
Aguada Blanca,1974.0,09,12.59,197409
Aguada Blanca,1975.0,09,15.17,197509
Aguada Blanca,1976.0,09,10.32,197609
Aguada Blanca,1977.0,09,9.34,197709
Aguada Blanca,1978.0,09,8.69,197809
Aguada Blanca,1979.0,09,8.49,197909
Aguada Blanca,1980.0,09,4.35,198009
Aguada Blanca,1981.0,09,10.68,198109
Aguada Blanca,1982.0,09,8.49,198209
Aguada Blanca,1983.0,09,3.74,198309
Aguada Blanca,1984.0,09,11.9,198409
Aguada Blanca,1985.0,09,12.09,198509
Aguada Blanca,1986.0,09,13.17,198609
Aguada Blanca,1987.0,09,10.15,198709
Aguada Blanca,1988.0,09,10.59,198809
Aguada Blanca,1989.0,09,9.21,198909
Aguada Blanca,1990.0,09,4.24,199009
Aguada Blanca,1991.0,09,9.14,199109
Aguada Blanca,1992.0,09,4.02,199209
Aguada Blanca,1993.0,09,8.04,199309
Aguada Blanca,1994.0,09,12.03,199409
Aguada Blanca,1995.0,09,8.34,199509
Aguada Blanca,1996.0,09,8.326,199609
Aguada Blanca,1997.0,09,8.372333333333334,199709
Aguada Blanca,1998.0,09,10.02,199809
Aguada Blanca,1999.0,09,12.0,199909
Aguada Blanca,2000.0,09,11.53,200009
Aguada Blanca,2001.0,09,13.145999999999999,200109
Aguada Blanca,2002.0,09,10.071333333333333,200209
Aguada Blanca,2003.0,09,11.17,200309
Aguada Blanca,2004.0,09,11.098333333333333,200409
Aguada Blanca,2005.0,09,9.004333333333333,200509
Aguada Blanca,2006.0,09,13.022666666666668,200609
Aguada Blanca,2007.0,09,12.437333333333333,200709
Aguada Blanca,2008.0,09,10.252999999999998,200809
Aguada Blanca,2009.0,09,8.98,200909
Aguada Blanca,2010.0,09,11.01,201009
Aguada Blanca,2011.0,09,12.723666666666665,201109
Aguada Blanca,2012.0,09,13.52,201209
Aguada Blanca,2013.0,09,14.01,201309
Aguada Blanca,2014.0,09,10.007,201409
Aguada Blanca,2015.0,09,10.011,201509
Aguada Blanca,2016.0,09,11.002999999999997,201609
Aguada Blanca,2017.0,09,13.000333333333334,201709
Aguada Blanca,2018.0,09,12.000333333333334,201809
Aguada Blanca,2019.0,09,12.09666666666667,201909
Aguada Blanca,2020.0,09,12.700333333333328,202009
Aguada Blanca,2021.0,09,14.0,202109
Aguada Blanca,2022.0,09,14.0,202209
Aguada Blanca,2023.0,09,11.5,202309
Aguada Blanca,2024.0,09,12.7,202409
Aguada Blanca,2025.0,09,13.56,202509
Aguada Blanca,1968.0,10,,196810
Aguada Blanca,1969.0,10,,196910
Aguada Blanca,1970.0,10,,197010
Aguada Blanca,1971.0,10,,197110
Aguada Blanca,1972.0,10,8.48,197210
Aguada Blanca,1973.0,10,10.87,197310
Aguada Blanca,1974.0,10,12.21,197410
Aguada Blanca,1975.0,10,15.21,197510
Aguada Blanca,1976.0,10,9.39,197610
Aguada Blanca,1977.0,10,10.76,197710
Aguada Blanca,1978.0,10,8.87,197810
Aguada Blanca,1979.0,10,8.34,197910
Aguada Blanca,1980.0,10,4.7,198010
Aguada Blanca,1981.0,10,11.29,198110
Aguada Blanca,1982.0,10,8.81,198210
Aguada Blanca,1983.0,10,4.65,198310
Aguada Blanca,1984.0,10,12.01,198410
Aguada Blanca,1985.0,10,13.0,198510
Aguada Blanca,1986.0,10,13.42,198610
Aguada Blanca,1987.0,10,9.85,198710
Aguada Blanca,1988.0,10,10.52,198810
Aguada Blanca,1989.0,10,10.13,198910
Aguada Blanca,1990.0,10,4.23,199010
Aguada Blanca,1991.0,10,9.31,199110
Aguada Blanca,1992.0,10,4.07,199210
Aguada Blanca,1993.0,10,8.54,199310
Aguada Blanca,1994.0,10,12.06,199410
Aguada Blanca,1995.0,10,9.09,199510
Aguada Blanca,1996.0,10,8.754,199610
Aguada Blanca,1997.0,10,8.775483870967742,199710
Aguada Blanca,1998.0,10,10.53,199810
Aguada Blanca,1999.0,10,12.17,199910
Aguada Blanca,2000.0,10,12.27,200010
Aguada Blanca,2001.0,10,11.024516129032257,200110
Aguada Blanca,2002.0,10,10.540967741935486,200210
Aguada Blanca,2003.0,10,12.1612903225806,200310
Aguada Blanca,2004.0,10,11.542580645161292,200410
Aguada Blanca,2005.0,10,9.006451612903225,200510
Aguada Blanca,2006.0,10,13.03516129032258,200610
Aguada Blanca,2007.0,10,12.83,200710
Aguada Blanca,2008.0,10,10.501935483870968,200810
Aguada Blanca,2009.0,10,9.197741935483872,200910
Aguada Blanca,2010.0,10,11.78,201010
Aguada Blanca,2011.0,10,13.958387096774194,201110
Aguada Blanca,2012.0,10,15.07,201210
Aguada Blanca,2013.0,10,14.003548387096773,201310
Aguada Blanca,2014.0,10,11.002258064516129,201410
Aguada Blanca,2015.0,10,10.00516129032258,201510
Aguada Blanca,2016.0,10,11.006451612903225,201610
Aguada Blanca,2017.0,10,13.002258064516129,201710
Aguada Blanca,2018.0,10,13.132580645161289,201810
Aguada Blanca,2019.0,10,13.13252313533805,201910
Aguada Blanca,2020.0,10,13.1,202010
Aguada Blanca,2021.0,10,14.0,202110
Aguada Blanca,2022.0,10,14.0,202210
Aguada Blanca,2023.0,10,11.5,202310
Aguada Blanca,2024.0,10,12.8,202410
Aguada Blanca,2025.0,10,13.23,202510
Aguada Blanca,1968.0,11,,196811
Aguada Blanca,1969.0,11,,196911
Aguada Blanca,1970.0,11,,197011
Aguada Blanca,1971.0,11,,197111
Aguada Blanca,1972.0,11,8.87,197211
Aguada Blanca,1973.0,11,13.47,197311
Aguada Blanca,1974.0,11,12.6,197411
Aguada Blanca,1975.0,11,13.31,197511
Aguada Blanca,1976.0,11,9.34,197611
Aguada Blanca,1977.0,11,10.82,197711
Aguada Blanca,1978.0,11,9.18,197811
Aguada Blanca,1979.0,11,8.74,197911
Aguada Blanca,1980.0,11,5.53,198011
Aguada Blanca,1981.0,11,11.38,198111
Aguada Blanca,1982.0,11,10.1,198211
Aguada Blanca,1983.0,11,4.98,198311
Aguada Blanca,1984.0,11,12.95,198411
Aguada Blanca,1985.0,11,13.25,198511
Aguada Blanca,1986.0,11,14.11,198611
Aguada Blanca,1987.0,11,10.45,198711
Aguada Blanca,1988.0,11,10.34,198811
Aguada Blanca,1989.0,11,10.13,198911
Aguada Blanca,1990.0,11,4.37,199011
Aguada Blanca,1991.0,11,9.85,199111
Aguada Blanca,1992.0,11,3.78,199211
Aguada Blanca,1993.0,11,9.32,199311
Aguada Blanca,1994.0,11,12.7,199411
Aguada Blanca,1995.0,11,8.94,199511
Aguada Blanca,1996.0,11,9.204,199611
Aguada Blanca,1997.0,11,9.087333333333333,199711
Aguada Blanca,1998.0,11,11.01,199811
Aguada Blanca,1999.0,11,13.06,199911
Aguada Blanca,2000.0,11,13.09,200011
Aguada Blanca,2001.0,11,11.040333333333333,200111
Aguada Blanca,2002.0,11,11.783999999999999,200211
Aguada Blanca,2003.0,11,12.033,200311
Aguada Blanca,2004.0,11,12.057741935483874,200411
Aguada Blanca,2005.0,11,9.009466666666667,200511
Aguada Blanca,2006.0,11,13.887333333333336,200611
Aguada Blanca,2007.0,11,13.005632564971917,200711
Aguada Blanca,2008.0,11,10.508666666666667,200811
Aguada Blanca,2009.0,11,9.20633333333333,200911
Aguada Blanca,2010.0,11,11.87,201011
Aguada Blanca,2011.0,11,13.69,201111
Aguada Blanca,2012.0,11,15.11,201211
Aguada Blanca,2013.0,11,14.00433333333333,201311
Aguada Blanca,2014.0,11,10.00233333333333,201411
Aguada Blanca,2015.0,11,10.005666666666666,201511
Aguada Blanca,2016.0,11,11.005999999999998,201611
Aguada Blanca,2017.0,11,13.001,201711
Aguada Blanca,2018.0,11,12.950999999999999,201811
Aguada Blanca,2019.0,11,13.969,201911
Aguada Blanca,2020.0,11,12.869333333333335,202011
Aguada Blanca,2021.0,11,14.0,202111
Aguada Blanca,2022.0,11,13.57,202211
Aguada Blanca,2023.0,11,11.8,202311
Aguada Blanca,2024.0,11,12.8,202411
Aguada Blanca,2025.0,11,13.2,202511
Aguada Blanca,1968.0,12,,196812
Aguada Blanca,1969.0,12,,196912
Aguada Blanca,1970.0,12,,197012
Aguada Blanca,1971.0,12,,197112
Aguada Blanca,1972.0,12,11.69,197212
Aguada Blanca,1973.0,12,12.07,197312
Aguada Blanca,1974.0,12,13.69,197412
Aguada Blanca,1975.0,12,14.23,197512
Aguada Blanca,1976.0,12,9.84,197612
Aguada Blanca,1977.0,12,11.27,197712
Aguada Blanca,1978.0,12,9.3,197812
Aguada Blanca,1979.0,12,8.87,197912
Aguada Blanca,1980.0,12,5.92,198012
Aguada Blanca,1981.0,12,11.12,198112
Aguada Blanca,1982.0,12,9.74,198212
Aguada Blanca,1983.0,12,4.97,198312
Aguada Blanca,1984.0,12,13.54,198412
Aguada Blanca,1985.0,12,13.31,198512
Aguada Blanca,1986.0,12,13.93,198612
Aguada Blanca,1987.0,12,10.51,198712
Aguada Blanca,1988.0,12,10.71,198812
Aguada Blanca,1989.0,12,10.13,198912
Aguada Blanca,1990.0,12,6.61,199012
Aguada Blanca,1991.0,12,10.24,199112
Aguada Blanca,1992.0,12,3.71,199212
Aguada Blanca,1993.0,12,10.04,199312
Aguada Blanca,1994.0,12,12.35,199412
Aguada Blanca,1995.0,12,8.7,199512
Aguada Blanca,1996.0,12,9.493,199612
Aguada Blanca,1997.0,12,9.494838709677422,199712
Aguada Blanca,1998.0,12,11.12,199812
Aguada Blanca,1999.0,12,13.01,199912
Aguada Blanca,2000.0,12,13.05,200012
Aguada Blanca,2001.0,12,11.002258064516129,200112
Aguada Blanca,2002.0,12,12.13,200212
Aguada Blanca,2003.0,12,12.032580645161287,200312
Aguada Blanca,2004.0,12,12.0515625,200412
Aguada Blanca,2005.0,12,9.00290322580645,200512
Aguada Blanca,2006.0,12,14.34706451612903,200612
Aguada Blanca,2007.0,12,13.006774193548386,200712
Aguada Blanca,2008.0,12,10.500967741935485,200812
Aguada Blanca,2009.0,12,9.201612903225802,200912
Aguada Blanca,2010.0,12,12.0,201012
Aguada Blanca,2011.0,12,13.99,201112
Aguada Blanca,2012.0,12,18.61,201212
Aguada Blanca,2013.0,12,14.01,201312
Aguada Blanca,2014.0,12,9.9541869650533,201412
Aguada Blanca,2015.0,12,10.00483870967742,201512
Aguada Blanca,2016.0,12,10.51,201612
Aguada Blanca,2017.0,12,13.004838709677417,201712
Aguada Blanca,2018.0,12,13.001290322580646,201812
Aguada Blanca,2019.0,12,12.650322580645168,201912
Aguada Blanca,2020.0,12,14.032258064516132,202012
Aguada Blanca,2021.0,12,14.08,202112
Aguada Blanca,2022.0,12,13.01,202212
Aguada Blanca,2023.0,12,10.8,202312
Aguada Blanca,2024.0,12,12.7,202412
Aguada Blanca,2025.0,12,,202512
